start values, python addition, python multiplication
7.66764807372e-53,1.53352961474e-52,5.87928269825e-105,rip
1.26418144754e-52,2.52836289508e-52,1.5981547323e-104,rip
2.08428284258e-52,4.16856568516e-52,4.34423496788e-104,rip
3.43640145672e-52,6.87280291344e-52,1.18088549717e-103,rip
5.66566817636e-52,1.13313363527e-51,3.20997958846e-103,rip
9.34110763509e-52,1.86822152702e-51,8.72562918504e-103,rip
1.54008828499e-51,3.08017656998e-51,2.37187192556e-102,rip
2.53917631422e-51,5.07835262843e-51,6.44741635467e-102,rip
4.1863939993e-51,8.37278799861e-51,1.75258947174e-101,rip
6.90219683418e-51,1.38043936684e-50,4.76403211378e-101,rip
1.13797987351e-50,2.27595974702e-50,1.29499819251e-100,rip
1.87621162308e-50,3.75242324616e-50,3.52017005458e-100,rip
3.09335001131e-50,6.18670002262e-50,9.56881429246e-100,rip
5.10007196136e-50,1.02001439227e-49,2.60107340111e-99,rip
8.4085971248e-50,1.68171942496e-49,7.07045056073e-99,rip
1.38634329364e-49,2.77268658728e-49,1.92194772782e-98,rip
2.28569367672e-49,4.57138735344e-49,5.22439558379e-98,rip
3.76847178311e-49,7.53694356622e-49,1.42013795801e-97,rip
6.21315958685e-49,1.24263191737e-48,3.86033520516e-97,rip
1.02437683691e-48,2.04875367382e-48,1.049347904e-96,rip
1.68891188022e-48,3.37782376045e-48,2.85242333916e-96,rip
2.78454494126e-48,5.56908988253e-48,7.75369052992e-96,rip
4.59093847388e-48,9.18187694777e-48,2.1076716071e-95,rip
7.56917791437e-48,1.51383558287e-47,5.72924542993e-95,rip
1.24794646291e-47,2.49589292583e-47,1.5573703743e-94,rip
2.0575158781e-47,4.1150317562e-47,4.23337158863e-94,rip
3.39227019303e-47,6.78454038605e-47,1.15074970625e-93,rip
5.5929080232e-47,1.11858160464e-46,3.1280620156e-93,rip
9.22114642293e-47,1.84422928459e-46,8.5029541353e-93,rip
1.52031002477e-46,3.04062004954e-46,2.31134257142e-92,rip
2.5065674759e-46,5.0131349518e-46,6.28288051124e-92,rip
4.13263111396e-46,8.26526222792e-46,1.70786399241e-91,rip
6.81355682155e-46,1.36271136431e-45,4.64245565604e-91,rip
1.12336560608e-45,2.24673121216e-45,1.26195028492e-90,rip
1.85211676952e-45,3.70423353904e-45,3.43033652793e-90,rip
3.05362431372e-45,6.10724862745e-45,9.32462144937e-90,rip
5.03457535876e-45,1.00691507175e-44,2.53469490431e-89,rip
8.30061148294e-45,1.66012229659e-44,6.89001509907e-89,rip
1.36853947117e-44,2.73707894235e-44,1.87290028416e-88,rip
2.25634013592e-44,4.51268027183e-44,5.09107080895e-88,rip
3.72007597602e-44,7.44015195204e-44,1.38389652674e-87,rip
6.13336839029e-44,1.22667367806e-43,3.7618207811e-87,rip
1.01122149261e-43,2.02244298522e-43,1.02256890712e-86,rip
1.66722238426e-43,3.33444476851e-43,2.77963047856e-86,rip
2.74878500791e-43,5.49757001582e-43,7.55581901971e-86,rip
4.53198031112e-43,9.06396062225e-43,2.05388455404e-85,rip
7.47197233734e-43,1.49439446747e-42,5.583037061e-85,rip
1.23191997267e-42,2.46383994533e-42,1.51762681905e-84,rip
2.03109266273e-42,4.06218532547e-42,4.12533740462e-84,rip
3.34870567581e-42,6.69741135163e-42,1.12138297032e-83,rip
5.52108227703e-42,1.10421645541e-41,3.04823495097e-83,rip
9.10272578742e-42,1.82054515748e-41,8.2859616761e-83,rip
1.50078576271e-41,3.00157152541e-41,2.25235790555e-82,rip
2.47437740974e-41,4.94875481948e-41,6.12254356583e-82,rip
4.07955866718e-41,8.15911733436e-41,1.66427989189e-81,rip
6.72605514964e-41,1.34521102993e-40,4.52398178761e-81,rip
1.10893901931e-40,2.21787803862e-40,1.22974574855e-80,rip
1.82833134905e-40,3.6566626981e-40,3.34279552192e-80,rip
3.01440878507e-40,6.02881757013e-40,9.08666032348e-80,rip
4.96991988252e-40,9.93983976505e-40,2.47001036387e-79,rip
8.19401262399e-40,1.6388025248e-39,6.71418428821e-79,rip
1.35096429056e-39,2.70192858111e-39,1.82510451436e-78,rip
2.2273635618e-39,4.45472712359e-39,4.96114843642e-78,rip
3.67230168192e-39,7.34460336383e-39,1.3485799643e-77,rip
6.0546018954e-39,1.21092037908e-38,3.66582041118e-77,rip
9.98235093057e-39,1.99647018611e-38,9.9647330101e-77,rip
1.64581143108e-38,3.29162286216e-38,2.70869526668e-76,rip
2.71348431399e-38,5.42696862797e-38,7.36299712225e-76,rip
4.47377930618e-38,8.94755861236e-38,2.00147012804e-75,rip
7.37601510252e-38,1.4752030205e-37,5.44055987926e-75,rip
1.21609929925e-37,2.43219859851e-37,1.47889750564e-74,rip
2.00500878196e-37,4.01001756392e-37,4.02006021574e-74,rip
3.30570062676e-37,6.61140125352e-37,1.09276566338e-73,rip
5.45017893791e-37,1.09003578758e-36,2.97044504552e-73,rip
8.98582594405e-37,1.79716518881e-36,8.07450678968e-73,rip
1.48151223688e-36,2.96302447375e-36,2.19487850801e-72,rip
2.44260073774e-36,4.88520147548e-36,5.96629836401e-72,rip
4.02716779214e-36,8.05433558428e-36,1.62180804261e-71,rip
6.63967719958e-36,1.32793543992e-35,4.40853133146e-71,rip
1.09469770295e-35,2.18939540591e-35,1.19836306085e-70,rip
1.80485138785e-35,3.60970277569e-35,3.25748853221e-70,rip
2.97569687359e-35,5.95139374719e-35,8.85477188351e-70,rip
4.90609473065e-35,9.8121894613e-35,2.40697655061e-69,rip
8.08878273849e-35,1.6177565477e-34,6.54284061905e-69,rip
1.3336148155e-34,2.667229631e-34,1.77852847613e-68,rip
2.19875911324e-34,4.39751822648e-34,4.83454163805e-68,rip
3.62514091914e-34,7.25028183829e-34,1.31416466836e-67,rip
5.97684694268e-34,1.19536938854e-33,3.57226993762e-67,rip
9.85415468611e-34,1.97083093722e-33,9.71043645778e-67,rip
1.62467544358e-33,3.24935088715e-33,2.63957029696e-66,rip
2.67863696181e-33,5.35727392362e-33,7.17509597316e-66,rip
4.41632573542e-33,8.83265147083e-33,1.95039330013e-65,rip
7.28129017832e-33,1.45625803566e-32,5.30171866609e-65,rip
1.20048179951e-32,2.40096359903e-32,1.44115655096e-64,rip
1.97925987795e-32,3.95851975589e-32,3.91746966445e-64,rip
3.26324786101e-32,6.52649572203e-32,1.06487866024e-63,rip
5.38018616002e-32,1.076037232e-31,2.89464031165e-63,rip
8.87042736235e-32,1.77408547247e-31,7.86844815908e-63,rip
1.46248622725e-31,2.9249724545e-31,2.1388659649e-62,rip
2.41123215098e-31,4.82246430195e-31,5.8140404859e-62,rip
3.97544973591e-31,7.95089947182e-31,1.58042006027e-61,rip
6.55440854019e-31,1.31088170804e-30,4.29602713117e-61,rip
1.08063927771e-30,2.16127855541e-30,1.16778124852e-60,rip
1.78167296311e-30,3.56334592622e-30,3.17435854748e-60,rip
2.93748211171e-30,5.87496422342e-30,8.62880115662e-60,rip
4.84308923988e-30,9.68617847976e-30,2.34555133854e-59,rip
7.98490424569e-30,1.59698084914e-29,6.37586958128e-59,rip
1.31648814744e-29,2.63297629487e-29,1.73314104234e-58,rip
2.1705220113e-29,4.34104402261e-29,4.71116580155e-58,rip
3.57858580856e-29,7.15717161712e-29,1.28062763892e-57,rip
5.9000905416e-29,1.18001810832e-28,3.4811068399e-57,rip
9.72760477499e-29,1.945520955e-28,9.46262946584e-57,rip
1.60381089055e-28,3.2076217811e-28,2.57220937264e-56,rip
2.64423712943e-28,5.28847425886e-28,6.99198999665e-56,rip
4.35961000006e-28,8.71922000013e-28,1.90061993527e-55,rip
7.18778173906e-28,1.43755634781e-27,5.16642063284e-55,rip
1.18506486423e-27,2.37012972847e-27,1.40437873244e-54,rip
1.95384164882e-27,3.90768329764e-27,3.81749718867e-54,rip
3.22134028599e-27,6.44268057199e-27,1.03770332382e-53,rip
5.31109224968e-27,1.06221844994e-26,2.82077008846e-53,rip
8.7565107627e-27,1.75130215254e-26,7.66764807372e-53,rip
1.44370455516e-26,2.88740911031e-26,2.08428284258e-52,rip
2.38026640869e-26,4.76053281739e-26,5.66566817636e-52,rip
3.92439585795e-26,7.84879171589e-26,1.54008828499e-51,rip
6.47023492565e-26,1.29404698513e-25,4.1863939993e-51,rip
1.06676139483e-25,2.13352278967e-25,1.13797987351e-50,rip
1.75879220242e-25,3.51758440485e-25,3.09335001131e-50,rip
2.89975811488e-25,5.79951622976e-25,8.4085971248e-50,rip
4.78089288389e-25,9.56178576777e-25,2.28569367672e-49,rip
7.8823597906e-25,1.57647195812e-24,6.21315958685e-49,rip
1.29958142501e-24,2.59916285002e-24,1.68891188022e-48,rip
2.14264753842e-24,4.28529507683e-24,4.59093847388e-48,rip
3.5326285722e-24,7.0652571444e-24,1.24794646291e-47,rip
5.82431986847e-24,1.16486397369e-23,3.39227019303e-47,rip
9.60268005451e-24,1.9205360109e-23,9.22114642293e-47,rip
1.58321428616e-23,3.16642857232e-23,2.5065674759e-46,rip
2.61027906967e-23,5.22055813934e-23,6.81355682155e-46,rip
4.30362262462e-23,8.60724524925e-23,1.85211676952e-45,rip
7.09547416228e-23,1.41909483246e-22,5.03457535876e-45,rip
1.16984591771e-22,2.33969183541e-22,1.36853947117e-44,rip
1.92874984796e-22,3.85749969593e-22,3.72007597602e-44,rip
3.1799709002e-22,6.3599418004e-22,1.01122149261e-43,rip
5.24288566336e-22,1.04857713267e-21,2.74878500791e-43,rip
8.64405711304e-22,1.72881142261e-21,7.47197233734e-43,rip
1.42516408274e-21,2.85032816548e-21,2.03109266273e-42,rip
2.34969833745e-21,4.69939667491e-21,5.52108227703e-42,rip
3.87399762869e-21,7.74799525737e-21,1.50078576271e-41,rip
6.38714229306e-21,1.27742845861e-20,4.07955866718e-41,rip
1.05306173576e-20,2.10612347151e-20,1.10893901931e-40,rip
1.7362052831e-20,3.4724105662e-20,3.01440878507e-40,rip
2.86251858055e-20,5.7250371611e-20,8.19401262399e-40,rip
4.71949527153e-20,9.43899054305e-20,2.2273635618e-39,rip
7.78113224113e-20,1.55622644823e-19,6.0546018954e-39,rip
1.28289182361e-19,2.56578364722e-19,1.64581143108e-38,rip
2.11513103759e-19,4.23026207518e-19,4.47377930618e-38,rip
3.48726153199e-19,6.97452306399e-19,1.21609929925e-37,rip
5.74952226429e-19,1.14990445286e-18,3.30570062676e-37,rip
9.4793596535e-19,1.8958719307e-18,8.98582594405e-37,rip
1.56288218933e-18,3.12576437867e-18,2.44260073774e-36,rip
2.57675710915e-18,5.15351421831e-18,6.63967719958e-36,rip
4.24835425529e-18,8.49670851058e-18,1.80485138785e-35,rip
7.00435202617e-18,1.40087040523e-17,4.90609473065e-35,rip
1.1548224173e-17,2.3096448346e-17,1.3336148155e-34,rip
1.90398028329e-17,3.80796056657e-17,3.62514091914e-34,rip
3.13913279205e-17,6.2782655841e-17,9.85415468611e-34,rip
5.1755550058e-17,1.03511100116e-16,2.67863696181e-33,rip
8.53304762574e-17,1.70660952515e-16,7.28129017832e-33,rip
1.40686171245e-16,2.81372342489e-16,1.97925987795e-32,rip
2.31952283024e-16,4.63904566049e-16,5.38018616002e-32,rip
3.8242466281e-16,7.64849325619e-16,1.46248622725e-31,rip
6.30511676015e-16,1.26102335203e-15,3.97544973591e-31,rip
1.03953801167e-15,2.07907602334e-15,1.08063927771e-30,rip
1.71390843154e-15,3.42781686308e-15,2.93748211171e-30,rip
2.82575728712e-15,5.65151457423e-15,7.98490424569e-30,rip
4.6588861451e-15,9.31777229021e-15,2.1705220113e-29,rip
7.6812046852e-15,1.53624093704e-14,5.9000905416e-29,rip
1.26641655491e-14,2.53283310982e-14,1.60381089055e-28,rip
2.08796791165e-14,4.17593582329e-14,4.35961000006e-28,rip
3.44247710847e-14,6.88495421694e-14,1.18506486423e-27,rip
5.67568523263e-14,1.13513704653e-13,3.22134028599e-27,rip
9.35762296884e-14,1.87152459377e-13,8.7565107627e-27,rip
1.54281120319e-13,3.08562240638e-13,2.38026640869e-26,rip
2.54366564738e-13,5.08733129475e-13,6.47023492565e-26,rip
4.19379565838e-13,8.38759131676e-13,1.75879220242e-25,rip
6.91440010694e-13,1.38288002139e-12,4.78089288389e-25,rip
1.13999185304e-12,2.27998370609e-12,1.29958142501e-24,rip
1.87952881654e-12,3.75905763308e-12,3.5326285722e-24,rip
3.09881913872e-12,6.19763827744e-12,9.60268005451e-24,rip
5.10908902806e-12,1.02181780561e-11,2.61027906967e-23,rip
8.42346375447e-12,1.68469275089e-11,7.09547416228e-23,rip
1.3887943865e-11,2.77758877299e-11,1.92874984796e-22,rip
2.28973484565e-11,4.57946969129e-11,5.24288566336e-22,rip
3.77513454428e-11,7.55026908856e-11,1.42516408274e-21,rip
6.22414462291e-11,1.24482892458e-10,3.87399762869e-21,rip
1.02618796317e-10,2.05237592634e-10,1.05306173576e-20,rip
1.69189792262e-10,3.38379584523e-10,2.86251858055e-20,rip
2.78946809287e-10,5.57893618574e-10,7.78113224113e-20,rip
4.59905537865e-10,9.1981107573e-10,2.11513103759e-19,rip
7.58256042791e-10,1.51651208558e-09,5.74952226429e-19,rip
1.25015286639e-09,2.50030573277e-09,1.56288218933e-18,rip
2.06115362244e-09,4.12230724488e-09,4.24835425529e-18,rip
3.3982678195e-09,6.79653563899e-09,1.1548224173e-17,rip
5.60279643754e-09,1.12055928751e-08,3.13913279205e-17,rip
9.23744966197e-09,1.84748993239e-08,8.53304762574e-17,rip
1.52299797447e-08,3.04599594894e-08,2.31952283024e-16,rip
2.51099915574e-08,5.02199831149e-08,6.30511676015e-16,rip
4.13993771879e-08,8.27987543757e-08,1.71390843154e-15,rip
6.82560337633e-08,1.36512067527e-07,4.6588861451e-15,rip
1.12535174719e-07,2.25070349439e-07,1.26641655491e-14,rip
1.85539136262e-07,3.71078272523e-07,3.44247710847e-14,rip
3.05902320502e-07,6.11804641004e-07,9.35762296884e-14,rip
5.04347662568e-07,1.00869532514e-06,2.54366564738e-13,rip
8.31528719104e-07,1.66305743821e-06,6.91440010694e-13,rip
1.37095908638e-06,2.74191817277e-06,1.87952881654e-12,rip
2.26032940698e-06,4.52065881396e-06,5.10908902806e-12,rip
3.72665317208e-06,7.45330634416e-06,1.3887943865e-11,rip
6.14421235333e-06,1.22884247067e-05,3.77513454428e-11,rip
1.01300935986e-05,2.02601871973e-05,1.02618796317e-10,rip
1.67017007902e-05,3.34034015805e-05,2.78946809287e-10,rip
2.75364493497e-05,5.50728986995e-05,7.58256042791e-10,rip
4.53999297625e-05,9.0799859525e-05,2.06115362244e-09,rip
7.48518298877e-05,0.000149703659775,5.60279643754e-09,rip
0.000123409804087,0.000246819608173,1.52299797447e-08,rip
0.000203468369011,0.000406936738021,4.13993771879e-08,rip
0.000335462627903,0.000670925255805,1.12535174719e-07,rip
0.000553084370148,0.0011061687403,3.05902320502e-07,rip
0.000911881965555,0.00182376393111,8.31528719104e-07,rip
0.00150343919298,0.00300687838596,2.26032940698e-06,rip
0.00247875217667,0.00495750435333,6.14421235333e-06,0001100000000000
0.00408677143846,0.00817354287693,1.67017007902e-05,0001110000000000
0.00673794699909,0.0134758939982,4.53999297625e-05,0001111000000000
0.0111089965382,0.0222179930765,0.000123409804087,0010000100000000
0.0183156388887,0.0366312777775,0.000335462627903,0010010010000000
0.0301973834223,0.0603947668446,0.000911881965555,0010011110000000
0.0497870683679,0.0995741367357,0.00247875217667,0010101001000000
0.0820849986239,0.164169997248,0.00673794699909,0010110101000000
0.135335283237,0.270670566473,0.0183156388887,0011000001010000
0.223130160148,0.446260320297,0.0497870683679,0011001100100000
0.367879441171,0.735758882343,0.135335283237,0011010111100000
0.606530659713,1.21306131943,0.367879441171,0011100011011000
1.0,2.0,1.0,011110000000000
1.6487212707,3.2974425414,2.71828182846,011111010011000
2.71828182846,5.43656365692,7.38905609893,0100000101101111
4.48168907034,8.96337814068,20.0855369232,0100010001111011
7.38905609893,14.7781121979,54.5981500331,0100011101100011
12.1824939607,24.3649879214,148.413159103,0100101000010111
20.0855369232,40.1710738464,403.428793493,0100110100000101
33.1154519587,66.2309039174,1096.63315843,0101000000100011
54.5981500331,109.196300066,2980.95798704,0101001011010011
90.0171313005,180.034262601,8103.08392758,0101010110100000
148.413159103,296.826318205,22026.4657948,0101100010100011
244.691932264,489.383864528,59874.1417152,0101101110100101
403.428793493,806.857586985,162754.791419,0101111001001101
665.141633044,1330.28326609,442413.392009,0110000100110010
1096.63315843,2193.26631686,1202604.28416,0110010001001000
1808.04241446,3616.08482891,3269017.37247,0110011100010000
2980.95798704,5961.91597408,8886110.52051,0110100111010010
4914.7688403,9829.5376806,24154952.7536,0110110011001100
8103.08392758,16206.1678552,65659969.1373,0110111111101001
13359.7268297,26719.4536593,178482300.963,0111001010000101
22026.4657948,44052.9315896,485165195.41,0111010101100000
36315.5026742,72631.0053485,1318815734.48,0111100001101110
59874.1417152,119748.28343,3584912846.13,0111101101001111
98715.7710108,197431.542022,9744803446.25,0111111000000110
162754.791419,325509.582838,26489122129.8,0100000001111011
268337.286521,536674.573042,72004899337.4,0100001000001100
442413.392009,884826.784018,1.95729609429e+11,0100001101100000
729416.369848,1458832.7397,5.32048240602e+11,0100010011001000
1202604.28416,2405208.56833,1.44625706429e+12,0100011001001011
1982759.26354,3965518.52708,3.93133429714e+12,0100011111001000
3269017.37247,6538034.74494,1.06864745815e+13,0100100100011110
5389698.47628,10779396.9526,2.90488496652e+13,0100101010010001
8886110.52051,17772221.041,7.89629601827e+13,0100110000011110
14650719.429,29301438.8579,2.14643579786e+14,0100110101111110
24154952.7536,48309905.5072,5.83461742527e+14,0100111011100001
39824784.3976,79649568.7952,1.58601345231e+15,0101000001011111
65659969.1373,131319938.275,4.31123154712e+15,0101000111101001
108254987.75,216509975.5,1.17191423728e+16,0101001100111001
178482300.963,356964601.926,3.18559317571e+16,0101010010101000
294267566.042,588535132.083,8.6593400424e+16,0101011000110001
485165195.41,970330390.82,2.35385266837e+17,0101011110011101
799902177.476,1599804354.95,6.3984349353e+17,0101100011111010
1318815734.48,2637631468.97,1.73927494152e+18,0101101001110100
2174359553.58,4348719107.15,4.72783946823e+18,0101110000000110
3584912846.13,7169825692.26,1.28516001144e+19,0101110101010110
5910522063.02,11821044126.0,3.49342710575e+19,0101111011000000
9744803446.25,19489606892.5,9.4961194206e+19,0110000001000100
16066464720.6,32132929441.2,2.58131288619e+20,0110000110111101
26489122129.8,52978244259.7,7.0167359121e+20,0110001100010101
43673179097.6,87346358195.3,1.9073465725e+21,0110010010001010
72004899337.4,1.44009798675e+11,5.18470552859e+21,0110011000011000
1.18716009132e+11,2.37432018264e+11,1.40934908243e+22,0110011101110100
1.95729609429e+11,3.91459218858e+11,3.83100800072e+22,0110100011011001
3.22703570371e+11,6.45407140742e+11,1.0413759433e+23,0110101001011001
5.32048240602e+11,1.0640964812e+12,2.83075330327e+23,0110101111011111
8.77199251319e+11,1.75439850264e+12,7.69478526514e+23,0110110100110000
1.44625706429e+12,2.89251412858e+12,2.09165949601e+24,0110111010100001
2.3844747848e+12,4.7689495696e+12,5.68571999934e+24,0111000000101011
3.93133429714e+12,7.86266859429e+12,1.54553893559e+25,0111000110010011
6.48167447793e+12,1.29633489559e+13,4.20121040379e+25,0111001011110010
1.06864745815e+13,2.1372949163e+13,1.14200738982e+26,0111010001101110
1.76190179514e+13,3.52380359027e+13,3.1042979357e+26,0111011000000000
2.90488496652e+13,5.80976993305e+13,8.43835666874e+26,0111011101001101
4.78934563325e+13,9.57869126649e+13,2.29378315947e+27,0111100010111000
7.89629601827e+13,1.57925920365e+14,6.23514908081e+27,0111101000111110
1.30187912051e+14,2.60375824101e+14,1.69488924441e+28,0111101110110011
2.14643579786e+14,4.29287159572e+14,4.60718663433e+28,0111110100001100
3.53887435612e+14,7.07774871225e+14,1.25236317084e+29,0111111010000011
5.83461742527e+14,1.16692348505e+15,3.40427604993e+29,0100000000001001
9.61965785545e+14,1.92393157109e+15,9.25378172559e+29,0100000010110101
1.58601345231e+15,3.17202690463e+15,2.51543867092e+30,0100000101101000
2.61489411445e+15,5.22978822889e+15,6.83767122976e+30,0100001000101001
4.31123154712e+15,8.62246309423e+15,1.85867174528e+31,0100001011101010
7.10801915464e+15,1.42160383093e+16,5.05239363028e+31,0100001110010100
1.17191423728e+16,2.34382847456e+16,1.37338297954e+32,0100010001001101
1.93215993044e+16,3.86431986088e+16,3.7332419968e+32,0100010100010010
3.18559317571e+16,6.37118635142e+16,1.01480038811e+33,0100010111000100
5.25215522859e+16,1.05043104572e+17,2.75851345452e+33,0100011001110101
8.6593400424e+16,1.73186800848e+17,7.49841699699e+33,0100011100110011
1.42768381181e+17,2.85536762363e+17,2.03828106651e+34,0100011111111011
2.35385266837e+17,4.70770533674e+17,5.54062238439e+34,0100100010100010
3.88084696244e+17,7.76169392487e+17,1.50609731459e+35,0100100101011000
6.3984349353e+17,1.27968698706e+18,4.09399696213e+35,0100101000011100
1.0549235777e+18,2.1098471554e+18,1.11286375479e+36,0100101011010100
1.73927494152e+18,3.47854988304e+18,3.0250773222e+36,0100101110000010
2.86757959168e+18,5.73515918336e+18,8.22301271462e+36,0100110000111110
4.72783946823e+18,9.45567893646e+18,2.23524660373e+37,0100110100000110
7.79488949573e+18,1.55897789915e+19,6.07603022506e+37,0100110110110000
1.28516001144e+19,2.57032002287e+19,1.65163625499e+38,0100111001100100
2.11887064711e+19,4.23774129422e+19,4.48961281917e+38,0100111100100110
3.49342710575e+19,6.9868542115e+19,1.22040329432e+39,0100111111100100
5.75968757689e+19,1.15193751538e+20,3.31740009834e+39,0101000010001111
9.4961194206e+19,1.89922388412e+20,9.01762840503e+39,0101000101001001
1.56564540779e+20,3.13129081557e+20,2.45124554292e+40,0101001000001111
2.58131288619e+20,5.16262577238e+20,6.66317621641e+40,0101001010111111
4.25586546179e+20,8.51173092359e+20,1.81123908289e+41,0101001101110001
7.0167359121e+20,1.40334718242e+21,4.92345828601e+41,0101010000110000
1.15686417492e+21,2.31372834983e+21,1.3383347192e+42,0101010011110101
1.9073465725e+21,3.81469314499e+21,3.63797094761e+42,0101010110011101
3.14468286467e+21,6.28936572934e+21,9.88903031935e+42,0101011001010100
5.18470552859e+21,1.03694110572e+22,2.68811714182e+43,0101011100011001
8.5481342873e+21,1.70962685746e+22,7.30705997937e+43,0101011111001111
1.40934908243e+22,2.81869816485e+22,1.98626483614e+44,0101100001111110
2.32362381004e+22,4.64724762008e+22,5.39922761058e+44,0101100100111010
3.83100800072e+22,7.66201600143e+22,1.46766223016e+45,0101101000000011
6.316264379e+22,1.2632528758e+23,3.98951957055e+45,0101101010101100
1.0413759433e+23,2.08275188661e+23,1.08446385529e+46,0101101101100000
1.71693866852e+23,3.43387733704e+23,2.94787839146e+46,0101110000100010
2.83075330327e+23,5.66150660655e+23,8.013164264e+46,0101110011011111
4.66712318321e+23,9.33424636643e+23,2.17820388073e+47,0101110110001011
7.69478526514e+23,1.53895705303e+24,5.92097202766e+47,0101111001000101
1.26865561401e+24,2.53731122802e+24,1.60948706696e+48,0101111100001100
2.09165949601e+24,4.18331899203e+24,4.37503944726e+48,0101111110111010
3.44856350214e+24,6.89712700428e+24,1.18925902283e+49,0110000001101101
5.68571999934e+24,1.13714399987e+25,3.23274119108e+49,0110000100101100
9.37416750215e+24,1.87483350043e+25,8.78750163584e+49,0110000111110000
1.54553893559e+25,3.09107787118e+25,2.38869060142e+50,0110001010011001
2.5481629178e+25,5.09632583561e+25,6.49313425566e+50,0110001101010001
4.20121040379e+25,8.40242080758e+25,1.76501688569e+51,0110010000010110
6.92662495542e+25,1.38532499108e+26,4.7978133273e+51,0110010011001010
1.14200738982e+26,2.28401477963e+26,1.30418087839e+52,0110010101111001
1.88285187489e+26,3.76570374977e+26,3.54513118276e+52,0110011000110111
3.1042979357e+26,6.2085958714e+26,9.6366656736e+52,0110011100000000
5.11812203718e+26,1.02362440744e+27,2.61951731875e+53,0110011110100111
8.43835666874e+26,1.68767133375e+27,7.12058632689e+53,0110100001011101
1.39124981295e+27,2.7824996259e+27,1.93557604204e+54,0110100100011111
2.29378315947e+27,4.58756631894e+27,5.26144118267e+54,0110100111011010
3.78180908539e+27,7.56361817078e+27,1.43020799583e+55,0110101010000111
6.23514908081e+27,1.24702981616e+28,3.88770840599e+55,0110101101000010
1.02800229155e+28,2.0560045831e+28,1.05678871144e+56,0110110000001001
1.69488924441e+28,3.38977848882e+28,2.87264955082e+56,0110110010110110
2.79439994874e+28,5.58879989748e+28,7.80867107352e+56,0110110101101001
4.60718663433e+28,9.21437326866e+28,2.12261686836e+57,0110111000101001
7.59596660211e+28,1.51919332042e+29,5.76987086203e+57,0110111011101010
1.25236317084e+29,2.50472634168e+29,1.56841351168e+58,0110111110010100
2.06479779841e+29,4.12959559682e+29,4.26338994831e+58,0111000001001101
3.40427604993e+29,6.80855209986e+29,1.15890954241e+59,0111000100010010
5.61270233486e+29,1.12254046697e+30,3.15024274997e+59,0111000111000101
9.25378172559e+29,1.85075634512e+30,8.56324762248e+59,0111001001110101
1.52569067654e+30,3.05138135308e+30,2.32773204048e+60,0111001100110100
2.51543867092e+30,5.03087734184e+30,6.32743170716e+60,0111001111111011
4.14725724189e+30,8.29451448377e+30,1.71997426304e+61,0111010010100010
6.83767122976e+30,1.36753424595e+31,4.67537478463e+61,0111010101011001
1.12734139986e+31,2.25468279971e+31,1.27089863183e+62,0111011000011100
1.85867174528e+31,3.71734349057e+31,3.45466065672e+62,0111011011010101
3.0644316417e+31,6.1288632834e+31,9.39074128665e+62,0111011110000010
5.05239363028e+31,1.01047872606e+32,2.55266813953e+63,0111100000111110
8.32998884619e+31,1.66599776924e+32,6.93887141776e+63,0111100100000110
1.37338297954e+32,2.74676595908e+32,1.88618080849e+64,0111100110110001
2.26432573119e+32,4.52865146237e+32,5.12717101691e+64,0111101001100101
3.7332419968e+32,7.4664839936e+32,1.39370958067e+65,0111101100100110
6.15507548879e+32,1.23101509776e+33,3.78849542727e+65,0111101111100101
1.01480038811e+33,2.02960077623e+33,1.02981982772e+66,0111110010010000
1.6731229854e+33,3.3462459708e+33,2.79934052427e+66,0111110101001001
2.75851345452e+33,5.51702690905e+33,7.60939647879e+66,0111111000010000
4.54801980798e+33,9.09603961597e+33,2.06844841738e+67,0111111011000000
7.49841699699e+33,1.4996833994e+34,5.62262574608e+67,0111111101110001
1.23627995995e+34,2.4725599199e+34,1.52838813938e+68,0100000000011000
2.03828106651e+34,4.07656213303e+34,4.1545897061e+68,0100000001111011
3.36055735002e+34,6.72111470005e+34,1.12933457028e+69,0100000011001111
5.54062238439e+34,1.10812447688e+35,3.06984964064e+69,0100000100101010
9.13494197807e+34,1.82698839561e+35,8.34471649426e+69,0100000110001100
1.50609731459e+35,3.01219462917e+35,2.268329121e+70,0100000111101000
2.4831346783e+35,4.9662693566e+35,6.16595783058e+70,0100001000111111
4.09399696213e+35,8.18799392425e+35,1.67608111259e+71,0100001010011101
6.74985987364e+35,1.34997197473e+36,4.55606083138e+71,0100001100000001
1.11286375479e+36,2.22572750958e+36,1.23846573673e+72,0100001101010110
1.83480214392e+36,3.66960428783e+36,3.36649890732e+72,0100001110110000
3.0250773222e+36,6.0501546444e+36,9.1510928053e+72,0100010000010001
4.98750932663e+36,9.97501865325e+36,2.48752492832e+73,0100010001110000
8.22301271462e+36,1.64460254292e+37,6.76179381049e+73,0100010011000101
1.35574559718e+37,2.71149119437e+37,1.83804612428e+74,0100010100100011
2.23524660373e+37,4.47049320747e+37,4.99632737951e+74,0100010110000110
3.68529862084e+37,7.37059724168e+37,1.35814259247e+75,0100010111011101
6.07603022506e+37,1.21520604501e+38,3.69181432958e+75,0100011000110110
1.00176802735e+38,2.00353605469e+38,1.00353918061e+76,0100011010010110
1.65163625499e+38,3.30327250999e+38,2.72790231881e+76,0100011011111000
2.72308782507e+38,5.44617565014e+38,7.41520730303e+76,0100011101001100
4.48961281917e+38,8.97922563835e+38,2.01566232661e+77,0100011110101000
7.40212015218e+38,1.48042403044e+39,5.47913827473e+77,0100100000001011
1.22040329432e+39,2.44080658864e+39,1.48938420078e+78,0100100001100101
2.01210487017e+39,4.02420974035e+39,4.04856600858e+78,0100100010111101
3.31740009834e+39,6.63480019667e+39,1.10051434124e+79,0100100100011011
5.46946810555e+39,1.09389362111e+40,2.99150813576e+79,0100100110000000
9.01762840503e+39,1.80352568101e+40,8.13176220513e+79,0100100111010100
1.48675557626e+40,2.97351115253e+40,2.21044214355e+80,0100101000101110
2.45124554292e+40,4.90249108584e+40,6.00860471169e+80,0100101010010000
4.04142066632e+40,8.08284133264e+40,1.63330810022e+81,0100101011101101
6.66317621641e+40,1.33263524328e+41,4.43979172909e+81,0100101101000011
1.09857203584e+41,2.19714407168e+41,1.20686051793e+82,0100101110100001
1.81123908289e+41,3.62247816578e+41,3.28058701538e+82,0100110000000101
2.98622840228e+41,5.97245680457e+41,8.9175600706e+82,0100110001011011
4.92345828601e+41,9.84691657202e+41,2.42404414941e+83,0100110010110100
8.11741040155e+41,1.62348208031e+42,6.58923516272e+83,0100110100010101
1.3383347192e+42,2.67666943841e+42,1.79113982063e+84,0100110101110101
2.20654091887e+42,4.41308183774e+42,4.86882282664e+84,0100110111001010
3.63797094761e+42,7.27594189522e+42,1.32348326156e+85,0100111000100111
5.99800008351e+42,1.1996000167e+43,3.59760050018e+85,0100111010001001
9.88903031935e+42,1.97780606387e+43,9.7792920657e+85,0100111011100011
1.63042546341e+43,3.26085092682e+43,2.65828719174e+86,0100111100111011
2.68811714182e+43,5.37623428363e+43,7.22597376813e+86,0100111110011010
4.43195590985e+43,8.86391181969e+43,1.96422331868e+87,0100111111111110
7.30705997937e+43,1.46141199587e+44,5.33931255421e+87,0101000001010001
1.20473052143e+44,2.40946104285e+44,1.45137562926e+88,0101000010101100
1.98626483614e+44,3.97252967228e+44,3.94524799928e+88,0101000100001110
3.27479708458e+44,6.54959416917e+44,1.07242959452e+89,0101000101101010
5.39922761058e+44,1.07984552212e+45,2.91516587909e+89,0101000111000001
8.90182140691e+44,1.78036428138e+45,7.92424243606e+89,0101001000011111
1.46766223016e+45,2.93532446031e+45,2.15403242182e+90,0101001010000011
2.41976593706e+45,4.83953187412e+45,5.85526719016e+90,0101001011011001
3.98951957055e+45,7.97903914109e+45,1.59162664038e+91,0101001100110010
6.57760577584e+45,1.31552115517e+46,4.32648977423e+91,0101001110010011
1.08446385529e+46,2.16892771058e+46,1.17606185343e+92,0101001111110011
1.78797862552e+46,3.57595725104e+46,3.19686756532e+92,0101010001001000
2.94787839146e+46,5.89575678291e+46,8.68998701081e+92,0101010010100101
4.86022980743e+46,9.72045961486e+46,2.3621833781e+93,0101010100001000
8.013164264e+46,1.6026328528e+47,6.42108015219e+93,0101010101100000
1.32114743677e+47,2.64229487353e+47,1.74543054968e+94,0101010110111001
2.17820388073e+47,4.35640776146e+47,4.74457214602e+94,0101011000011000
3.59125107008e+47,7.18250214016e+47,1.28970842483e+95,0101011001111011
5.92097202766e+47,1.18419440553e+48,3.50579097524e+95,0101011011001111
9.76203252523e+47,1.95240650505e+48,9.52972790237e+95,0101011100101010
1.60948706696e+48,3.21897413392e+48,2.59044861872e+96,0101011110001100
2.65359556222e+48,5.30719112443e+48,7.04156940781e+96,0101011111101000
4.37503944726e+48,8.75007889452e+48,1.91409701651e+97,0101100000111111
7.21322059685e+48,1.44264411937e+49,5.20305513788e+97,0101100010011101
1.18925902283e+49,2.37851804566e+49,1.41433702338e+98,0101100100000010
1.96075664731e+49,3.92151329462e+49,3.84456662997e+98,0101100101010110
3.23274119108e+49,6.46548238217e+49,1.04506156085e+99,0101100110110000
5.32988916441e+49,1.06597783288e+50,2.84077185049e+99,0101101000010001
8.78750163584e+49,1.75750032717e+50,7.72201849998e+99,0101101001110000
1.44881408633e+50,2.89762817266e+50,2.09906225675e+100,0101101011000110
2.38869060142e+50,4.77738120285e+50,5.70584278934e+100,0101101100100011
3.93828500369e+50,7.87657000738e+50,1.55100887703e+101,0101101110000110
6.49313425566e+50,1.29862685113e+51,4.21607924621e+101,0101101111011110
1.07053685608e+51,2.14107371217e+51,1.14604916023e+102,0101110000110111
1.76501688569e+51,3.53003377138e+51,3.11528460678e+102,0101110010010110
2.91002088258e+51,5.82004176517e+51,8.46822153708e+102,0101110011111000
4.7978133273e+51,9.5956266546e+51,2.30190127236e+103,0101110101001101
7.91025688557e+51,1.58205137711e+52,6.25721639957e+103,0101110110101001
